No,Player,Country,Role,Matches,Runs,Wickets,Average,StrikeRate,Rating
1,Babar Azam,Pakistan,Batter,120,6200,0,56.4,88.2,9.4
2,Mohammad Rizwan,Pakistan,Wicketkeeper,105,4100,0,47.2,126.5,9.1
3,Shaheen Afridi,Pakistan,Bowler,95,520,185,16.8,72.4,9.2
4,Shadab Khan,Pakistan,All-Rounder,110,2300,125,28.5,139.2,8.7
5,Fakhar Zaman,Pakistan,Batter,90,3100,0,38.7,145.3,8.4
6,Imam-ul-Haq,Pakistan,Batter,85,3900,0,49.1,82.6,8.6
7,Naseem Shah,Pakistan,Bowler,72,310,142,14.6,68.2,8.8
8,Haris Rauf,Pakistan,Bowler,80,280,155,12.4,81.7,8.5
9,Iftikhar Ahmed,Pakistan,All-Rounder,78,1750,48,31.8,132.4,8.1
10,Abdullah Shafique,Pakistan,Batter,65,2850,0,51.7,79.4,8.5
11,Salman Ali Agha,Pakistan,All-Rounder,70,1850,38,34.2,118.6,8.0
12,Usama Mir,Pakistan,All-Rounder,42,620,48,24.8,128.5,7.5
13,Azam Khan,Pakistan,Wicketkeeper,45,850,0,27.4,148.2,7.2
14,Hasan Ali,Pakistan,Bowler,110,480,175,17.5,69.3,8.2
15,Mohammad Nawaz,Pakistan,All-Rounder,115,2100,120,29.7,121.8,8.3
16,Virat Kohli,India,Batter,275,13800,4,58.7,93.5,9.7
17,Rohit Sharma,India,Batter,265,11200,8,49.8,92.7,9.5
18,Jasprit Bumrah,India,Bowler,155,480,315,18.2,72.4,9.6
19,Ravindra Jadeja,India,All-Rounder,195,3650,275,35.8,128.6,9.4
20,KL Rahul,India,Wicketkeeper,105,3900,0,46.3,87.5,8.8
21,Shubman Gill,India,Batter,105,5200,0,52.4,91.8,9.0
22,Hardik Pandya,India,All-Rounder,145,3100,95,31.7,142.5,8.9
23,Rishabh Pant,India,Wicketkeeper,110,3500,0,43.6,137.8,9.0
24,Kuldeep Yadav,India,Bowler,95,420,165,16.4,79.2,8.7
25,Mohammed Siraj,India,Bowler,100,350,180,13.8,71.5,8.8
26,Ravichandran Ashwin,India,All-Rounder,190,3050,480,35.1,84.6,9.1
27,Suryakumar Yadav,India,Batter,120,4200,0,42.8,168.4,9.2
28,Shreyas Iyer,India,Batter,105,3650,0,45.6,92.1,8.5
29,Axar Patel,India,All-Rounder,115,1850,125,29.8,131.2,8.4
30,Arshdeep Singh,India,Bowler,75,210,115,12.1,82.5,8.3
31,Steve Smith,Australia,Batter,230,10500,18,52.6,87.4,9.3
32,Pat Cummins,Australia,Bowler,175,1450,280,22.7,76.2,9.2
33,David Warner,Australia,Batter,190,8500,0,45.8,112.4,9.1
34,Glenn Maxwell,Australia,All-Rounder,150,4200,75,36.5,155.8,9.0
35,Mitchell Starc,Australia,Bowler,190,1150,350,17.9,86.5,9.3
36,Josh Hazlewood,Australia,Bowler,150,520,245,14.7,63.8,9.0
37,Travis Head,Australia,Batter,110,5100,5,48.2,112.7,9.1
38,Mitchell Marsh,Australia,All-Rounder,125,3300,70,35.7,137.2,8.7
39,Alex Carey,Australia,Wicketkeeper,95,2400,0,36.8,91.4,8.2
40,Adam Zampa,Australia,Bowler,105,380,175,13.2,78.6,8.6
41,Cameron Green,Australia,All-Rounder,65,1700,52,38.4,128.5,8.3
42,Marnus Labuschagne,Australia,Batter,120,5600,10,50.1,84.7,8.8
43,Matthew Wade,Australia,Wicketkeeper,105,2200,0,29.8,128.4,8.0
44,Nathan Lyon,Australia,Bowler,145,850,310,18.5,62.1,8.9
45,Marcus Stoinis,Australia,All-Rounder,120,2900,72,31.6,145.7,8.4
46,Joe Root,England,Batter,250,11800,45,50.8,86.7,9.4
47,Ben Stokes,England,All-Rounder,190,7200,190,39.5,91.4,9.2
48,Jofra Archer,England,Bowler,85,420,145,14.3,81.2,8.8
49,Jos Buttler,England,Wicketkeeper,180,6100,0,41.6,144.8,9.1
50,Jonny Bairstow,England,Wicketkeeper,165,5800,0,39.4,138.5,8.8
51,Harry Brook,England,Batter,70,3100,0,47.6,146.2,8.9
52,Liam Livingstone,England,All-Rounder,95,2450,48,32.8,162.4,8.6
53,Adil Rashid,England,Bowler,125,410,145,14.2,76.8,8.5
54,Mark Wood,England,Bowler,80,310,125,12.5,89.3,8.4
55,Sam Curran,England,All-Rounder,90,1750,85,27.9,137.8,8.3
56,Dawid Malan,England,Batter,100,3900,0,44.5,132.6,8.5
57,Reece Topley,England,Bowler,55,140,72,10.8,68.5,7.8
58,Chris Woakes,England,All-Rounder,150,2450,180,28.4,96.7,8.6
59,Phil Salt,England,Wicketkeeper,65,2100,0,34.7,156.8,8.4
60,Moeen Ali,England,All-Rounder,150,3200,115,31.2,145.3,8.5
61,Kane Williamson,New Zealand,Batter,205,9400,8,53.2,82.6,9.4
62,Trent Boult,New Zealand,Bowler,150,650,280,15.4,74.8,9.1
63,Tim Southee,New Zealand,Bowler,180,1200,310,18.7,76.2,8.9
64,Devon Conway,New Zealand,Batter,90,4200,0,51.6,88.4,8.8
65,Daryl Mitchell,New Zealand,All-Rounder,105,3600,65,39.8,118.7,8.7
66,Tom Latham,New Zealand,Wicketkeeper,175,6500,0,42.5,81.3,8.8
67,Rachin Ravindra,New Zealand,All-Rounder,55,2100,45,46.2,105.8,8.7
68,Mitchell Santner,New Zealand,All-Rounder,140,2100,145,29.6,112.5,8.5
69,Finn Allen,New Zealand,Batter,55,1850,0,35.8,165.2,8.3
70,Lockie Ferguson,New Zealand,Bowler,75,280,105,13.4,86.5,8.1
71,Quinton de Kock,South Africa,Wicketkeeper,155,6800,0,44.7,138.6,9.0
72,Kagiso Rabada,South Africa,Bowler,145,650,280,17.2,78.3,9.1
73,Heinrich Klaasen,South Africa,Wicketkeeper,100,3900,0,46.5,154.8,9.0
74,Aiden Markram,South Africa,All-Rounder,125,3900,55,38.4,119.6,8.7
75,David Miller,South Africa,Batter,145,4100,0,42.8,142.7,8.8
76,Anrich Nortje,South Africa,Bowler,80,220,125,11.5,91.2,8.4
77,Keshav Maharaj,South Africa,Bowler,125,1450,175,25.4,88.6,8.3
78,Marco Jansen,South Africa,All-Rounder,65,1250,72,29.8,115.7,8.5
79,Reeza Hendricks,South Africa,Batter,80,2600,0,36.7,128.4,8.0
80,Tabraiz Shamsi,South Africa,Bowler,75,190,105,10.9,74.5,8.1
81,Shai Hope,West Indies,Wicketkeeper,130,5100,0,49.2,82.5,8.8
82,Nicholas Pooran,West Indies,Wicketkeeper,115,3900,0,38.6,145.8,8.9
83,Jason Holder,West Indies,All-Rounder,160,3100,175,29.4,126.7,8.6
84,Andre Russell,West Indies,All-Rounder,110,2800,85,31.8,174.5,8.8
85,Alzarri Joseph,West Indies,Bowler,90,310,145,13.5,76.4,8.3
86,Shimron Hetmyer,West Indies,Batter,85,2500,0,34.2,137.5,8.0
87,Roston Chase,West Indies,All-Rounder,95,2850,75,37.5,102.6,8.2
88,Brandon King,West Indies,Batter,70,2200,0,35.4,139.8,8.1
89,Romario Shepherd,West Indies,All-Rounder,65,1050,55,25.6,154.2,8.0
90,Obed McCoy,West Indies,Bowler,55,130,72,9.8,82.4,7.7
91,Mushfiqur Rahim,Bangladesh,Wicketkeeper,190,7200,0,38.8,79.5,8.7
92,Shakib Al Hasan,Bangladesh,All-Rounder,230,7100,315,38.4,82.7,9.0
93,Mustafizur Rahman,Bangladesh,Bowler,115,280,175,12.8,76.4,8.5
94,Litton Das,Bangladesh,Wicketkeeper,120,3900,0,34.8,128.6,8.3
95,Mahmudullah,Bangladesh,All-Rounder,150,3800,45,34.5,118.2,8.2
96,Taskin Ahmed,Bangladesh,Bowler,75,210,105,12.4,81.5,8.1
97,Mehidy Hasan,Bangladesh,All-Rounder,100,1650,125,27.6,112.4,8.4
98,Najmul Hossain Shanto,Bangladesh,Batter,75,2800,0,42.7,83.9,8.3
99,Towhid Hridoy,Bangladesh,Batter,50,1550,0,36.8,124.5,7.9
100,Rishad Hossain,Bangladesh,All-Rounder,40,520,38,25.4,145.6,7.8
101,Pathum Nissanka,Sri Lanka,Batter,75,3200,0,45.7,91.2,8.4
102,Kusal Mendis,Sri Lanka,Wicketkeeper,120,4100,0,38.9,133.5,8.5
103,Charith Asalanka,Sri Lanka,Batter,85,2900,12,42.6,111.8,8.2
104,Dasun Shanaka,Sri Lanka,All-Rounder,110,2500,42,29.7,128.4,8.0
105,Maheesh Theekshana,Sri Lanka,Bowler,70,320,82,15.8,78.6,8.1
106,Matheesha Pathirana,Sri Lanka,Bowler,45,120,75,9.6,89.4,8.3
107,Dhananjaya de Silva,Sri Lanka,All-Rounder,120,3600,85,36.8,108.7,8.5
108,Angelo Mathews,Sri Lanka,All-Rounder,190,5900,115,39.4,91.8,8.6
109,Dushmantha Chameera,Sri Lanka,Bowler,65,160,88,11.3,84.5,7.9
110,Dinesh Chandimal,Sri Lanka,Wicketkeeper,145,4600,0,39.8,82.4,8.3
111,Paul Stirling,Ireland,All-Rounder,160,4800,70,35.6,135.4,8.3
112,Harry Tector,Ireland,Batter,85,3100,5,45.8,89.7,8.4
113,Josh Little,Ireland,Bowler,75,180,105,12.2,82.8,8.2
114,Andrew Balbirnie,Ireland,Batter,145,4200,0,34.7,88.5,8.0
115,Mark Adair,Ireland,All-Rounder,90,1450,95,27.4,138.2,8.1
116,George Dockrell,Ireland,All-Rounder,120,2050,65,29.8,112.5,7.9
117,Lorcan Tucker,Ireland,Wicketkeeper,70,1800,0,33.5,121.4,7.8
118,Gareth Delany,Ireland,All-Rounder,65,1200,42,26.8,144.7,7.7
119,Curtis Campher,Ireland,All-Rounder,70,1350,55,28.6,119.8,7.9
120,Barry McCarthy,Ireland,Bowler,60,210,70,14.2,75.6,7.6
121,Paul van Meekeren,Netherlands,Bowler,85,190,115,11.7,79.8,7.8
122,Max O'Dowd,Netherlands,Batter,90,2700,0,34.6,91.4,7.9
123,Scott Edwards,Netherlands,Wicketkeeper,85,2450,0,38.2,119.5,8.1
124,Bas de Leede,Netherlands,All-Rounder,70,1650,62,31.4,104.7,7.9
125,Logan van Beek,Netherlands,All-Rounder,75,1350,58,25.8,126.3,7.8
126,Vikramjit Singh,Netherlands,Batter,60,1550,0,29.8,118.4,7.6
127,Roelof van der Merwe,Netherlands,All-Rounder,105,1800,90,27.5,131.6,7.7
128,Teja Nidamanuru,Netherlands,Batter,55,1250,0,31.2,106.8,7.5
129,Colin Ackermann,Netherlands,All-Rounder,80,2100,48,32.7,109.5,7.8
130,Tim Pringle,Netherlands,Bowler,45,180,52,15.1,82.3,7.4
131,Rassie van der Dussen,South Africa,Batter,115,4700,0,48.3,91.6,8.8
132,Reeza Hendricks,South Africa,Batter,82,2750,0,37.2,130.5,8.0
133,Wiaan Mulder,South Africa,All-Rounder,65,1250,48,29.4,111.7,7.9
134,Nandre Burger,South Africa,Bowler,42,95,58,8.4,87.2,7.8
135,Temba Bavuma,South Africa,Batter,115,3900,0,40.5,83.4,8.2
136,Gerald Coetzee,South Africa,Bowler,35,75,52,7.9,91.5,7.7
137,Tom Banton,England,Wicketkeeper,65,2200,0,35.7,151.6,8.2
138,Will Jacks,England,All-Rounder,70,2050,38,31.5,158.4,8.3
139,Rehan Ahmed,England,Bowler,35,250,48,16.4,92.5,7.6
140,Jacob Bethell,England,All-Rounder,25,650,18,32.5,142.8,7.5
141,Washington Sundar,India,All-Rounder,75,980,82,28.7,119.5,8.0
142,Rinku Singh,India,Batter,55,1450,0,41.4,148.6,8.4
143,Yashasvi Jaiswal,India,Batter,60,3200,0,54.2,94.8,8.8
144,Ruturaj Gaikwad,India,Batter,65,2800,0,48.5,91.6,8.5
145,Mayank Yadav,India,Bowler,18,35,28,7.2,94.5,7.9
146,Sanju Samson,India,Wicketkeeper,95,3100,0,39.7,142.1,8.5
147,Abhishek Sharma,India,All-Rounder,45,1650,28,38.4,172.5,8.6
148,Varun Chakravarthy,India,Bowler,55,85,72,6.5,71.8,8.2
149,Tilak Varma,India,Batter,50,1750,12,44.8,138.4,8.4
150,Harshit Rana,India,Bowler,25,55,38,8.2,86.7,7.8